Vmax_A_mol_m2_s,eps_membrane,apical_ratio,Da,clearance_uL_min_cm2
1e-09,0.1,10.0,0.022886452677687755,nan
1.7782794100389228e-09,0.1,10.0,0.0406985075655623,0.08075456564519451
3.1622776601683795e-09,0.1,10.0,0.07237331802315278,0.14272484922753523
5.623413251903491e-09,0.1,10.0,0.12869998127677146,0.2509630794471206
1e-08,0.1,10.0,0.22886452677687752,0.4369382518932425
1.7782794100389228e-08,0.1,10.0,0.40698507565562303,0.7453213631695949
3.162277660168379e-08,0.1,10.0,0.7237331802315277,1.2135043655620916
5.6234132519034905e-08,0.1,10.0,1.2869998127677142,1.7729865758234356
1e-07,0.1,10.0,2.288645267768775,2.1865789026047446
1.7782794100389227e-07,0.1,10.0,4.06985075655623,2.3899696280484886
3.162277660168379e-07,0.1,10.0,7.237331802315277,2.4838558392684367
5.62341325190349e-07,0.1,10.0,12.869998127677142,2.5299865466735665
1e-06,0.1,10.0,22.886452677687753,2.553936838452683
1.7782794100389227e-06,0.1,10.0,40.6985075655623,2.5668046049401805
3.162277660168379e-06,0.1,10.0,72.37331802315276,2.573856463082274
5.623413251903491e-06,0.1,10.0,128.69998127677144,2.5777647999773867
9.999999999999999e-06,0.1,10.0,228.8645267768775,2.5799447140618494
1.778279410038923e-05,0.1,10.0,406.98507565562306,2.581164942191354
3.1622776601683795e-05,0.1,10.0,723.7331802315277,2.581849352553244
5.623413251903491e-05,0.1,10.0,1286.9998127677143,2.582233664888905
0.0001,0.1,10.0,2288.6452677687753,2.582449602732742
0.00017782794100389227,0.1,10.0,4069.85075655623,2.582570977610274
0.00031622776601683794,0.1,10.0,7237.331802315277,2.58263921404009
0.0005623413251903491,0.1,10.0,12869.998127677145,2.5826775806335562
0.001,0.1,10.0,22886.452677687754,2.582699153982452
1e-09,0.15000000000000002,10.0,0.0152576351184585,nan
1.7782794100389228e-09,0.15000000000000002,10.0,0.02713233837704153,0.08089917325092792
3.1622776601683795e-09,0.15000000000000002,10.0,0.048248878682101835,0.14319288642416236
5.623413251903491e-09,0.15000000000000002,10.0,0.0857999875178476,0.25250514020727405
1e-08,0.15000000000000002,10.0,0.15257635118458499,0.4421776178874432
1.7782794100389228e-08,0.15000000000000002,10.0,0.2713233837704153,nan
3.162277660168379e-08,0.15000000000000002,10.0,0.4824887868210183,1.2844722824362327
5.6234132519034905e-08,0.15000000000000002,10.0,0.8579998751784761,2.0318841253356488
1e-07,0.15000000000000002,10.0,1.52576351184585,2.828326570147347
1.7782794100389227e-07,0.15000000000000002,10.0,2.713233837704153,3.3489778503785366
3.162277660168379e-07,0.15000000000000002,10.0,4.824887868210183,3.5988425084076687
5.62341325190349e-07,0.15000000000000002,10.0,8.57999875178476,3.7170491003202386
1e-06,0.15000000000000002,10.0,15.257635118458499,3.7763948806146197
1.7782794100389227e-06,0.15000000000000002,10.0,27.132338377041528,3.8076134703064013
3.162277660168379e-06,0.15000000000000002,10.0,48.24887868210183,3.8245124326900277
5.623413251903491e-06,0.15000000000000002,10.0,85.79998751784761,3.8338126378592774
9.999999999999999e-06,0.15000000000000002,10.0,152.57635118458498,3.8389792977444888
1.778279410038923e-05,0.15000000000000002,10.0,271.3233837704153,3.8418648910763844
3.1622776601683795e-05,0.15000000000000002,10.0,482.4887868210184,3.8434813366582294
5.623413251903491e-05,0.15000000000000002,10.0,857.999875178476,3.8443883621218684
0.0001,0.15000000000000002,10.0,1525.76351184585,3.844897798232509
0.00017782794100389227,0.15000000000000002,10.0,2713.233837704153,3.8451840787759073
0.00031622776601683794,0.15000000000000002,10.0,4824.887868210184,3.845345004062403
0.0005623413251903491,0.15000000000000002,10.0,8579.998751784762,3.8454354793804453
0.001,0.15000000000000002,10.0,15257.635118458498,3.845486351181484
1e-09,0.2,10.0,0.011443226338843877,nan
1.7782794100389228e-09,0.2,10.0,0.02034925378278115,0.08097073347162763
3.1622776601683795e-09,0.2,10.0,0.03618665901157639,0.14342264993565315
5.623413251903491e-09,0.2,10.0,0.06434999063838573,0.2532515410737164
1e-08,0.2,10.0,0.11443226338843876,0.4446522838710147
1.7782794100389228e-08,0.2,10.0,0.20349253782781151,0.7725233759923679
3.162277660168379e-08,0.2,10.0,0.36186659011576383,nan
5.6234132519034905e-08,0.2,10.0,0.6434999063838571,2.147291092194412
1e-07,0.2,10.0,1.1443226338843875,nan
1.7782794100389227e-07,0.2,10.0,2.034925378278115,4.1097849840218466
3.162277660168379e-07,0.2,10.0,3.6186659011576383,4.60774997465284
5.62341325190349e-07,0.2,10.0,6.434999063838571,4.843546174227783
1e-06,0.2,10.0,11.443226338843877,4.959052361361098
1.7782794100389227e-06,0.2,10.0,20.34925378278115,5.018678157863087
3.162277660168379e-06,0.2,10.0,36.18665901157638,5.0505808891484065
5.623413251903491e-06,0.2,10.0,64.34999063838572,5.068019723033405
9.999999999999999e-06,0.2,10.0,114.43226338843876,5.077670313537599
1.778279410038923e-05,0.2,10.0,203.49253782781153,5.083048388440084
3.1622776601683795e-05,0.2,10.0,361.86659011576387,5.086057340398518
5.623413251903491e-05,0.2,10.0,643.4999063838571,5.087744556084572
0.0001,0.2,10.0,1144.3226338843876,5.088691818665927
0.00017782794100389227,0.2,10.0,2034.925378278115,5.089224020240532
0.00031622776601683794,0.2,10.0,3618.6659011576385,5.089523147297903
0.0005623413251903491,0.2,10.0,6434.9990638385725,5.089691310297578
0.001,0.2,10.0,11443.226338843877,5.089785860041188
1e-09,0.25,10.0,0.0091545810710751,nan
1.7782794100389228e-09,0.25,10.0,0.01627940302622492,0.08101343379700161
3.1622776601683795e-09,0.25,10.0,0.028949327209261105,0.14355916695003607
5.623413251903491e-09,0.25,10.0,0.051479992510708575,0.2536916931794031
1e-08,0.25,10.0,0.091545810710751,0.4460924734757424
1.7782794100389228e-08,0.25,10.0,0.1627940302622492,0.7773559199107529
3.162277660168379e-08,0.25,10.0,0.289493272092611,1.332031904122076
5.6234132519034905e-08,0.25,10.0,0.5147999251070857,2.209146068579961
1e-07,0.25,10.0,0.91545810710751,3.426190694624221
1.7782794100389227e-07,0.25,10.0,1.6279403026224917,4.67823927485728
3.162277660168379e-07,0.25,10.0,2.89493272092611,5.497714976324334
5.62341325190349e-07,0.25,10.0,5.147999251070857,5.903066076516756
1e-06,0.25,10.0,9.1545810710751,6.09926380040964
1.7782794100389227e-06,0.25,10.0,16.27940302622492,6.1989681320490915
3.162277660168379e-06,0.25,10.0,28.949327209261103,6.251747824768148
5.623413251903491e-06,0.25,10.0,51.47999251070858,6.280413495392973
9.999999999999999e-06,0.25,10.0,91.545810710751,6.296217996130857
1.778279410038923e-05,0.25,10.0,162.7940302622492,6.305006828171038
3.1622776601683795e-05,0.25,10.0,289.49327209261105,6.309918134892728
5.623413251903491e-05,0.25,10.0,514.7999251070856,6.31267019188235
0.0001,0.25,10.0,915.45810710751,6.314214703356838
0.00017782794100389227,0.25,10.0,1627.9403026224918,6.315082271547748
0.00031622776601683794,0.25,10.0,2894.9327209261105,6.315569833107247
0.0005623413251903491,0.25,10.0,5147.999251070857,6.315843911641772
0.001,0.25,10.0,9154.5810710751,6.315998006797737
1e-09,0.30000000000000004,10.0,0.00762881755922925,nan
1.7782794100389228e-09,0.30000000000000004,10.0,0.013566169188520764,0.08104180291679976
3.1622776601683795e-09,0.30000000000000004,10.0,0.024124439341050918,0.14364962417651994
5.623413251903491e-09,0.30000000000000004,10.0,0.0428999937589238,0.2539819690373209
1e-08,0.30000000000000004,10.0,0.07628817559229249,0.4470344391727595
1.7782794100389228e-08,0.30000000000000004,10.0,0.13566169188520766,0.7804720548993795
3.162277660168379e-08,0.30000000000000004,10.0,0.24124439341050916,1.3426701493417448
5.6234132519034905e-08,0.30000000000000004,10.0,0.42899993758923805,2.2470635479888252
1e-07,0.30000000000000004,10.0,0.762881755922925,3.5632884770903637
1.7782794100389227e-07,0.30000000000000004,10.0,1.3566169188520765,5.088839101791198
3.162277660168379e-07,0.30000000000000004,10.0,2.4124439341050916,6.262561466681918
5.62341325190349e-07,0.30000000000000004,10.0,4.28999937589238,6.889841766013938
1e-06,0.30000000000000004,10.0,7.628817559229249,7.194442572655748
1.7782794100389227e-06,0.30000000000000004,10.0,13.566169188520764,7.34746067953643
3.162277660168379e-06,0.30000000000000004,10.0,24.124439341050916,7.427699164745607
5.623413251903491e-06,0.30000000000000004,10.0,42.899993758923806,7.471017229121477
9.999999999999999e-06,0.30000000000000004,10.0,76.28817559229249,7.494815546955518
1.778279410038923e-05,0.30000000000000004,10.0,135.66169188520766,7.50802270800512
3.1622776601683795e-05,0.30000000000000004,10.0,241.2443934105092,7.515394458205733
5.623413251903491e-05,0.30000000000000004,10.0,428.999937589238,7.519522512537514
0.0001,0.30000000000000004,10.0,762.881755922925,7.5218384020243905
0.00017782794100389227,0.30000000000000004,10.0,1356.6169188520764,7.523138989643603
0.00031622776601683794,0.30000000000000004,10.0,2412.443934105092,7.523869816220889
0.0005623413251903491,0.30000000000000004,10.0,4289.999375892381,7.524280617154322
0.001,0.30000000000000004,10.0,7628.817559229249,7.524511572758916
1e-09,0.35,10.0,0.006538986479339359,nan
1.7782794100389228e-09,0.35,10.0,0.011628145018732088,0.08106201880793608
3.1622776601683795e-09,0.35,10.0,0.020678090863757936,0.14371396646109094
5.623413251903491e-09,0.35,10.0,0.036771423221934704,0.2541877758406566
1e-08,0.35,10.0,0.06538986479339359,0.4476985129004621
1.7782794100389228e-08,0.35,10.0,0.11628145018732088,0.7826474058149716
3.162277660168379e-08,0.35,10.0,0.20678090863757934,1.3499770013034238
5.6234132519034905e-08,0.35,10.0,0.36771423221934696,2.2725218045699154
1e-07,0.35,10.0,0.6538986479339358,3.6544484558037795
1.7782794100389227e-07,0.35,10.0,1.1628145018732086,5.384075456121394
3.162277660168379e-07,0.35,10.0,2.0678090863757936,6.904808596165046
5.62341325190349e-07,0.35,10.0,3.6771423221934696,7.799355012899336
1e-06,0.35,10.0,6.538986479339358,8.242161129464513
1.7782794100389227e-06,0.35,10.0,11.628145018732086,8.463162257556766
3.162277660168379e-06,0.35,10.0,20.678090863757934,8.578127129760913
5.623413251903491e-06,0.35,10.0,36.771423221934704,8.63985256902337
9.999999999999999e-06,0.35,10.0,65.38986479339358,8.673650445472996
1.778279410038923e-05,0.35,10.0,116.28145018732089,8.692370467975604
3.1622776601683795e-05,0.35,10.0,206.78090863757936,8.702807644195325
5.623413251903491e-05,0.35,10.0,367.714232219347,8.70864858486437
0.0001,0.35,10.0,653.8986479339359,8.711924252190602
0.00017782794100389227,0.35,10.0,1162.8145018732087,8.71376347337154
0.00031622776601683794,0.35,10.0,2067.8090863757934,8.714796850717143
0.0005623413251903491,0.35,10.0,3677.14232219347,8.715377680024947
0.001,0.35,10.0,6538.986479339359,8.715704215219729
1e-09,0.4,10.0,0.005721613169421939,0.045667308542948946
1.7782794100389228e-09,0.4,10.0,0.010174626891390575,0.08107715465111347
3.1622776601683795e-09,0.4,10.0,0.018093329505788194,0.14376207595296706
5.623413251903491e-09,0.4,10.0,0.032174995319192864,0.2543412977082592
1e-08,0.4,10.0,0.05721613169421938,0.44819182987546125
1.7782794100389228e-08,0.4,10.0,0.10174626891390576,0.784251809856736
3.162277660168379e-08,0.4,10.0,0.18093329505788192,1.3553014792086138
5.6234132519034905e-08,0.4,10.0,0.32174995319192856,2.290741482613712
1e-07,0.4,10.0,0.5721613169421937,3.718687168678056
1.7782794100389227e-07,0.4,10.0,1.0174626891390575,5.599566339706148
3.162277660168379e-07,0.4,10.0,1.8093329505788192,7.434896271478921
5.62341325190349e-07,0.4,10.0,3.2174995319192856,8.62890196832054
1e-06,0.4,10.0,5.721613169421938,9.24026118797926
1.7782794100389227e-06,0.4,10.0,10.174626891390576,9.545131173480312
3.162277660168379e-06,0.4,10.0,18.09332950578819,9.702736502559466
5.623413251903491e-06,0.4,10.0,32.17499531919286,9.786941895959792
9.999999999999999e-06,0.4,10.0,57.21613169421938,9.832905642893385
1.778279410038923e-05,0.4,10.0,101.74626891390577,9.858317251674496
3.1622776601683795e-05,0.4,10.0,180.93329505788194,9.872470201542356
5.623413251903491e-05,0.4,10.0,321.74995319192857,9.88038579247195
0.0001,0.4,10.0,572.1613169421938,9.884823424655764
0.00017782794100389227,0.4,10.0,1017.4626891390575,9.887314582402789
0.00031622776601683794,0.4,10.0,1809.3329505788192,9.888714102483657
0.0005623413251903491,0.4,10.0,3217.4995319192863,9.889500680273917
0.001,0.4,10.0,5721.613169421938,9.889942869461157
1e-09,0.45000000000000007,10.0,0.0050858783728195,0.04567094926566141
1.7782794100389228e-09,0.45000000000000007,10.0,0.009044112792347177,nan
3.1622776601683795e-09,0.45000000000000007,10.0,0.016082959560700615,0.14379940743667166
5.623413251903491e-09,0.45000000000000007,10.0,0.028599995839282542,0.2544602121866179
1e-08,0.45000000000000007,10.0,0.050858783728195,0.4485727359165715
1.7782794100389228e-08,0.45000000000000007,10.0,0.09044112792347178,0.7854838311962873
3.162277660168379e-08,0.45000000000000007,10.0,0.16082959560700613,1.3593523400458143
5.6234132519034905e-08,0.45000000000000007,10.0,0.2859999583928254,2.3044046764110675
1e-07,0.45000000000000007,10.0,0.50858783728195,3.7661061580481747
1.7782794100389227e-07,0.45000000000000007,10.0,0.9044112792347178,5.760599902073736
3.162277660168379e-07,0.45000000000000007,10.0,1.6082959560700614,7.868151905655529
5.62341325190349e-07,0.45000000000000007,10.0,2.859999583928254,9.377978650065405
1e-06,0.45000000000000007,10.0,5.0858783728195,10.186965708943763
1.7782794100389227e-06,0.45000000000000007,10.0,9.044112792347176,10.592501036224759
3.162277660168379e-06,0.45000000000000007,10.0,16.082959560700612,10.801250833554185
5.623413251903491e-06,0.45000000000000007,10.0,28.599995839282542,10.912310565539912
9.999999999999999e-06,0.45000000000000007,10.0,50.858783728195,10.972760648768073
1.778279410038923e-05,0.45000000000000007,10.0,90.44112792347178,11.006123594781892
3.1622776601683795e-05,0.45000000000000007,10.0,160.82959560700615,11.024686336667568
5.623413251903491e-05,0.45000000000000007,10.0,285.9999583928254,11.035062295184238
0.0001,0.45000000000000007,10.0,508.58783728195004,11.04087734998722
0.00017782794100389227,0.45000000000000007,10.0,904.4112792347178,11.04414114814318
0.00031622776601683794,0.45000000000000007,10.0,1608.2959560700615,11.045974542206718
0.0005623413251903491,0.45000000000000007,10.0,2859.999583928254,11.047004911257375
0.001,0.45000000000000007,10.0,5085.8783728195,11.047584132999669
1e-09,0.5,10.0,0.00457729053553755,0.045673887989203514
1.7782794100389228e-09,0.5,10.0,0.00813970151311246,nan
3.1622776601683795e-09,0.5,10.0,0.014474663604630553,0.14382921792154998
5.623413251903491e-09,0.5,10.0,0.025739996255354287,0.254555035319346
1e-08,0.5,10.0,0.0457729053553755,0.4488757174118637
1.7782794100389228e-08,0.5,10.0,0.0813970151311246,0.7864595695554473
3.162277660168379e-08,0.5,10.0,0.1447466360463055,1.3625370026390176
5.6234132519034905e-08,0.5,10.0,0.25739996255354286,2.315021470569194
1e-07,0.5,10.0,0.457729053553755,3.802422490415519
1.7782794100389227e-07,0.5,10.0,0.8139701513112458,5.884022337381846
3.162277660168379e-07,0.5,10.0,1.447466360463055,8.221302635434965
5.62341325190349e-07,0.5,10.0,2.5739996255354285,10.048373704406268
1e-06,0.5,10.0,4.57729053553755,11.080982315393712
1.7782794100389227e-06,0.5,10.0,8.13970151311246,11.604504203117203
3.162277660168379e-06,0.5,10.0,14.474663604630551,11.873418465607518
5.623413251903491e-06,0.5,10.0,25.73999625535429,12.01598897607061
9.999999999999999e-06,0.5,10.0,45.7729053553755,12.09339251902179
1.778279410038923e-05,0.5,10.0,81.3970151311246,12.136044055517555
3.1622776601683795e-05,0.5,10.0,144.74663604630553,12.159752457649606
5.623413251903491e-05,0.5,10.0,257.3999625535428,12.172997451541667
0.0001,0.5,10.0,457.729053553755,12.180418110245053
0.00017782794100389227,0.5,10.0,813.9701513112459,12.184582347996201
0.00031622776601683794,0.5,10.0,1447.4663604630553,12.186921319295758
0.0005623413251903491,0.5,10.0,2573.9996255354285,12.18823574958246
0.001,0.5,10.0,4577.29053553755,12.188974632977397
1e-09,0.55,10.0,0.004161173214125046,0.045676316079382294
1.7782794100389228e-09,0.55,10.0,0.0073997286482840536,nan
3.1622776601683795e-09,0.55,10.0,0.013158785095118683,0.14385357221229272
5.623413251903491e-09,0.55,10.0,0.023399996595776622,0.2546324145510661
1e-08,0.55,10.0,0.041611732141250454,0.4491224646260593
1.7782794100389228e-08,0.55,10.0,0.07399728648284054,0.7872514254657268
3.162277660168379e-08,0.55,10.0,0.13158785095118683,1.3651060905541752
5.6234132519034905e-08,0.55,10.0,0.2339999659577662,2.323504050882878
1e-07,0.55,10.0,0.4161173214125045,3.8310683247684567
1.7782794100389227e-07,0.55,10.0,0.7399728648284053,5.980908531011706
3.162277660168379e-07,0.55,10.0,1.3158785095118681,8.509964397146621
5.62341325190349e-07,0.55,10.0,2.339999659577662,10.643939501979485
1e-06,0.55,10.0,4.1611732141250455,11.921586688276173
1.7782794100389227e-06,0.55,10.0,7.399728648284054,12.580494313884552
3.162277660168379e-06,0.55,10.0,13.158785095118683,12.919018315378919
5.623413251903491e-06,0.55,10.0,23.399996595776624,13.098014489770947
9.999999999999999e-06,0.55,10.0,41.61173214125045,13.194976745823388
1.778279410038923e-05,0.55,10.0,73.99728648284054,13.248327777725303
3.1622776601683795e-05,0.55,10.0,131.58785095118682,13.277957602699427
5.623413251903491e-05,0.55,10.0,233.99996595776622,13.294502217747544
0.0001,0.55,10.0,416.11732141250457,13.303768815451889
0.00017782794100389227,0.55,10.0,739.9728648284054,13.308968071631268
0.00031622776601683794,0.55,10.0,1315.8785095118683,13.311888118338276
0.0005623413251903491,0.55,10.0,2339.9996595776624,13.313529008279051
0.001,0.55,10.0,4161.173214125045,13.314451377585389
1e-09,0.6,10.0,0.0038144087796146255,0.04567834373112654
1.7782794100389228e-09,0.6,10.0,0.006783084594260384,nan
3.1622776601683795e-09,0.6,10.0,0.012062219670525462,0.14387384266607373
5.623413251903491e-09,0.6,10.0,0.02144999687946191,0.25469675779175327
1e-08,0.6,10.0,0.03814408779614625,0.44932730222158945
1.7782794100389228e-08,0.6,10.0,0.06783084594260384,0.7879068849134631
3.162277660168379e-08,0.6,10.0,0.1206221967052546,1.3672221545580239
5.6234132519034905e-08,0.6,10.0,0.21449996879461905,2.3304348268003108
1e-07,0.6,10.0,0.38144087796146253,3.854211842933087
1.7782794100389227e-07,0.6,10.0,0.6783084594260383,6.058612960132756
3.162277660168379e-07,0.6,10.0,1.206221967052546,8.747442565561597
5.62341325190349e-07,0.6,10.0,2.1449996879461906,11.170111652814892
1e-06,0.6,10.0,3.814408779614625,12.70867559718517
1.7782794100389227e-06,0.6,10.0,6.783084594260384,13.519966907946024
3.162277660168379e-06,0.6,10.0,12.06221967052546,13.93786530583763
5.623413251903491e-06,0.6,10.0,21.44999687946191,14.15843319371362
9.999999999999999e-06,0.6,10.0,38.14408779614625,14.27768806034366
1.778279410038923e-05,0.6,10.0,67.83084594260384,14.343219004280131
3.1622776601683795e-05,0.6,10.0,120.62219670525462,14.379583860647468
5.623413251903491e-05,0.6,10.0,214.49996879461906,14.399879517816435
0.0001,0.6,10.0,381.44087796146255,14.411243955842677
0.00017782794100389227,0.6,10.0,678.3084594260383,14.417619264432329
0.00031622776601683794,0.6,10.0,1206.2219670525462,14.421199498956998
0.0005623413251903491,0.6,10.0,2144.9996879461905,14.423211274383892
0.001,0.6,10.0,3814.4087796146255,14.424342092350077
1e-09,0.65,10.0,0.0035209927196442697,0.045680067748888636
1.7782794100389228e-09,0.65,10.0,0.006261308856240354,nan
3.1622776601683795e-09,0.65,10.0,0.01113435661894658,0.14389097700764342
5.623413251903491e-09,0.65,10.0,0.0197999971195033,0.2547511032524585
1e-08,0.65,10.0,0.0352099271964427,0.44950007083233445
1.7782794100389228e-08,0.65,10.0,0.06261308856240354,0.788458384213149
3.162277660168379e-08,0.65,10.0,0.11134356618946578,1.3689951985803028
5.6234132519034905e-08,0.65,10.0,0.19799997119503296,2.336202627545722
1e-07,0.65,10.0,0.3520992719644269,3.8732832181226913
1.7782794100389227e-07,0.65,10.0,0.6261308856240353,6.122116922437971
3.162277660168379e-07,0.65,10.0,1.113435661894658,8.944487803506792
5.62341325190349e-07,0.65,10.0,1.9799997119503296,nan
1e-06,0.65,10.0,3.520992719644269,13.44278251300002
1.7782794100389227e-06,0.65,10.0,6.261308856240354,14.422577105363924
3.162277660168379e-06,0.65,10.0,11.134356618946578,14.929815358231169
5.623413251903491e-06,0.65,10.0,19.7999971195033,15.197301498600963
9.999999999999999e-06,0.65,10.0,35.20992719644269,15.341701150827042
1.778279410038923e-05,0.65,10.0,62.61308856240354,15.420957538669331
3.1622776601683795e-05,0.65,10.0,111.3435661894658,15.4649067490932
5.623413251903491e-05,0.65,10.0,197.99997119503297,15.489424589665736
0.0001,0.65,10.0,352.099271964427,15.503149734947229
0.00017782794100389227,0.65,10.0,626.1308856240354,15.510848254649488
0.00031622776601683794,0.65,10.0,1113.4356618946579,15.515171220049407
0.0005623413251903491,0.65,10.0,1979.9997119503298,15.517600231647556
0.001,0.65,10.0,3520.9927196442695,15.518965542062531
1e-09,0.7000000000000001,10.0,0.0032694932396696787,0.04568156166197273
1.7782794100389228e-09,0.7000000000000001,10.0,0.005814072509366042,nan
3.1622776601683795e-09,0.7000000000000001,10.0,0.010339045431878966,0.14390565077196832
5.623413251903491e-09,0.7000000000000001,10.0,0.01838571161096735,0.25479761310080207
1e-08,0.7000000000000001,10.0,0.03269493239669679,0.4496477541179801
1.7782794100389228e-08,0.7000000000000001,10.0,0.058140725093660424,0.788928832854303
3.162277660168379e-08,0.7000000000000001,10.0,0.10339045431878965,1.3705023076110094
5.6234132519034905e-08,0.7000000000000001,10.0,0.18385711610967345,2.341076739896867
1e-07,0.7000000000000001,10.0,0.32694932396696785,3.889260965635999
1.7782794100389227e-07,0.7000000000000001,10.0,0.5814072509366043,6.1748724596554005
3.162277660168379e-07,0.7000000000000001,10.0,1.0339045431878966,9.109539426522867
5.62341325190349e-07,0.7000000000000001,10.0,1.8385711610967346,12.040357811804341
1e-06,0.7000000000000001,10.0,3.2694932396696785,14.125053701434009
1.7782794100389227e-06,0.7000000000000001,10.0,5.814072509366042,15.28815340836666
3.162277660168379e-06,0.7000000000000001,10.0,10.339045431878965,15.894769844870238
5.623413251903491e-06,0.7000000000000001,10.0,18.38571161096735,16.214687569901987
9.999999999999999e-06,0.7000000000000001,10.0,32.694932396696785,16.38719130068563
1.778279410038923e-05,0.7000000000000001,10.0,58.14072509366043,16.48177916077135
3.1622776601683795e-05,0.7000000000000001,10.0,103.39045431878966,16.534195550553424
5.623413251903491e-05,0.7000000000000001,10.0,183.85711610967346,16.563425308698285
0.0001,0.7000000000000001,10.0,326.9493239669679,16.579784384388464
0.00017782794100389227,0.7000000000000001,10.0,581.4072509366042,16.588959064562207
0.00031622776601683794,0.7000000000000001,10.0,1033.9045431878967,16.59411054930584
0.0005623413251903491,0.7000000000000001,10.0,1838.5711610967348,16.597004969257867
0.001,0.7000000000000001,10.0,3269.4932396696786,16.598631839082863
1e-09,0.75,10.0,0.0030515270236917006,0.04568288733511524
1.7782794100389228e-09,0.75,10.0,0.005426467675408307,nan
3.1622776601683795e-09,0.75,10.0,0.00964977573642037,0.14391835847463133
5.623413251903491e-09,0.75,10.0,0.017159997503569526,0.25483786797328456
1e-08,0.75,10.0,0.030515270236917004,0.449775445341121
1.7782794100389228e-08,0.75,10.0,0.05426467675408307,0.7893348711005351
3.162277660168379e-08,0.75,10.0,0.09649775736420368,1.3717990955769657
5.6234132519034905e-08,0.75,10.0,0.17159997503569524,2.3452494619175264
1e-07,0.75,10.0,0.30515270236917,3.9028357475145503
1.7782794100389227e-07,0.75,10.0,0.5426467675408306,6.21932756165352
3.162277660168379e-07,0.75,10.0,0.9649775736420368,9.249133463708013
5.62341325190349e-07,0.75,10.0,1.7159997503569524,12.398008927318465
1e-06,0.75,10.0,3.0515270236917003,14.757188172005714
1.7782794100389227e-06,0.75,10.0,5.426467675408307,16.116706848886793
3.162277660168379e-06,0.75,10.0,9.649775736420368,16.83267941150459
5.623413251903491e-06,0.75,10.0,17.159997503569528,17.21067258691696
9.999999999999999e-06,0.75,10.0,30.515270236917,17.41433495068057
1.778279410038923e-05,0.75,10.0,54.26467675408308,17.525915999956442
3.1622776601683795e-05,0.75,10.0,96.4977573642037,17.587713647776898
5.623413251903491e-05,0.75,10.0,171.59997503569525,17.622162490632263
0.0001,0.75,10.0,305.1527023691701,17.641438461671598
0.00017782794100389227,0.75,10.0,542.6467675408306,17.652247706647632
0.00031622776601683794,0.75,10.0,964.977573642037,17.65831655883718
0.0005623413251903491,0.75,10.0,1715.9997503569527,17.661726277278387
0.001,0.75,10.0,3051.5270236917004,17.663642738708422
1e-09,0.8,10.0,0.0028608065847109693,nan
1.7782794100389228e-09,0.8,10.0,0.0050873134456952875,nan
3.1622776601683795e-09,0.8,10.0,0.009046664752894097,0.14392947043802415
5.623413251903491e-09,0.8,10.0,0.016087497659596432,0.25487305016268896
1e-08,0.8,10.0,0.02860806584710969,0.44988694642156624
1.7782794100389228e-08,0.8,10.0,0.05087313445695288,0.789688876731916
3.162277660168379e-08,0.8,10.0,0.09046664752894096,1.3729266895814596
5.6234132519034905e-08,0.8,10.0,0.16087497659596428,2.348861725149372
1e-07,0.8,10.0,0.28608065847109687,3.9145082376548292
1.7782794100389227e-07,0.8,10.0,0.5087313445695287,6.257256553715978
3.162277660168379e-07,0.8,10.0,0.9046664752894096,9.3683121753546
5.62341325190349e-07,0.8,10.0,1.6087497659596428,12.71262377447651
1e-06,0.8,10.0,2.860806584710969,15.34134952798338
1.7782794100389227e-06,0.8,10.0,5.087313445695288,16.908434958972187
3.162277660168379e-06,0.8,10.0,9.046664752894095,17.7435470878105
5.623413251903491e-06,0.8,10.0,16.08749765959643,18.185351825884137
9.999999999999999e-06,0.8,10.0,28.60806584710969,18.42331018895543
1.778279410038923e-05,0.8,10.0,50.87313445695288,18.553596868913907
3.1622776601683795e-05,0.8,10.0,90.46664752894097,18.625718806296227
5.623413251903491e-05,0.8,10.0,160.87497659596428,18.66591017518295
0.0001,0.8,10.0,286.0806584710969,18.688395132135813
0.00017782794100389227,0.8,10.0,508.73134456952874,18.70100246567378
0.00031622776601683794,0.8,10.0,904.6664752894096,18.708080407687913
0.0005623413251903491,0.8,10.0,1608.7497659596431,18.712056929503046
0.001,0.8,10.0,2860.806584710969,18.714291922253505
1e-09,0.85,10.0,0.002692523844433853,nan
1.7782794100389228e-09,0.85,10.0,0.0047880597135955645,nan
3.1622776601683795e-09,0.85,10.0,0.008514508002723855,0.1439392694754155
5.623413251903491e-09,0.85,10.0,0.015141174267855464,0.25490406166401747
1e-08,0.85,10.0,0.026925238444338532,0.4499851527771025
1.7782794100389228e-08,0.85,10.0,0.047880597135955646,0.7900002474845804
3.162277660168379e-08,0.85,10.0,0.08514508002723854,1.3739161559466704
5.6234132519034905e-08,0.85,10.0,0.15141174267855462,2.3520191414275438
1e-07,0.85,10.0,0.2692523844433853,3.92464974787878
1.7782794100389227e-07,0.85,10.0,0.47880597135955644,6.28997170524706
3.162277660168379e-07,0.85,10.0,0.8514508002723854,9.470973087046367
5.62341325190349e-07,0.85,10.0,1.5141174267855462,12.98998174130777
1e-06,0.85,10.0,2.692523844433853,15.880060594147164
1.7782794100389227e-06,0.85,10.0,4.7880597135955645,17.66372035143701
3.162277660168379e-06,0.85,10.0,8.514508002723854,18.627430619423645
5.623413251903491e-06,0.85,10.0,15.141174267855463,19.138835564124072
9.999999999999999e-06,0.85,10.0,26.92523844433853,19.414297172490286
1.778279410038923e-05,0.85,10.0,47.880597135955654,19.56504756125946
3.1622776601683795e-05,0.85,10.0,85.14508002723855,19.648463447025982
5.623413251903491e-05,0.85,10.0,151.41174267855462,19.69493589206437
0.0001,0.85,10.0,269.2523844433853,19.720930436146503
0.00017782794100389227,0.85,10.0,478.80597135955645,19.73550416756992
0.00031622776601683794,0.85,10.0,851.4508002723854,19.74368561195832
0.0005623413251903491,0.85,10.0,1514.1174267855463,19.74828195437781
0.001,0.85,10.0,2692.5238444338534,19.75086526845039
1e-09,0.9,10.0,0.00254293918640975,nan
1.7782794100389228e-09,0.9,10.0,0.004522056396173589,nan
3.1622776601683795e-09,0.9,10.0,0.008041479780350308,0.14394797529754497
5.623413251903491e-09,0.9,10.0,0.014299997919641271,0.25493160259154124
1e-08,0.9,10.0,0.0254293918640975,0.4500723082861318
1.7782794100389228e-08,0.9,10.0,0.04522056396173589,0.7902762468302876
3.162277660168379e-08,0.9,10.0,0.08041479780350307,1.37479139780529
5.6234132519034905e-08,0.9,10.0,0.1429999791964127,2.3548023975378687
1e-07,0.9,10.0,0.254293918640975,3.9335416501776255
1.7782794100389227e-07,0.9,10.0,0.4522056396173589,6.318461585033351
3.162277660168379e-07,0.9,10.0,0.8041479780350307,9.56014529332587
5.62341325190349e-07,0.9,10.0,1.429999791964127,13.235203372211396
1e-06,0.9,10.0,2.54293918640975,16.376092287991217
1.7782794100389227e-06,0.9,10.0,4.522056396173588,18.383124034250052
3.162277660168379e-06,0.9,10.0,8.041479780350306,19.484443973453235
5.623413251903491e-06,0.9,10.0,14.299997919641271,20.071249803481624
9.999999999999999e-06,0.9,10.0,25.4293918640975,20.387478483407946
1.778279410038923e-05,0.9,10.0,45.22056396173589,20.56049111574139
3.1622776601683795e-05,0.9,10.0,80.41479780350308,20.65619489457523
5.623413251903491e-05,0.9,10.0,142.9999791964127,20.709500910654445
0.0001,0.9,10.0,254.29391864097502,20.73931354252044
0.00017782794100389227,0.9,10.0,452.2056396173589,20.756026435864445
0.00031622776601683794,0.9,10.0,804.1479780350307,20.76540830321139
0.0005623413251903491,0.9,10.0,1429.999791964127,20.770678894600106
0.001,0.9,10.0,2542.93918640975,20.773641113746006
