vmax_bl,vmax_ap,Da,cl_uL_min_cm2,j_bm,j_oat1,j_cd,c_extra_mc,c_cell_mc,c_cell_cd,j_oat1_capacity,j_membrane_capacity,bottleneck,success
1e-09,1.0000000000000002e-10,0.0050858783728195,0.004873260614896576,1.353683504137938e-10,8.122101024827628e-11,7.520463911877434e-11,0.09995869198205407,0.060663023135123624,0.060660222573514826,1e-09,1.9662286958026913e-07,apical,True
1.6155980984398763e-09,1.6155980984398763e-10,0.008216735428023677,0.007872858156420293,2.1869050434500822e-10,1.312143026070049e-10,1.2149472463611567e-10,0.09993326600150017,0.06065269107284541,0.06064816670486143,1.6155980984398763e-09,1.9662286958026913e-07,apical,True
2.6101572156825333e-09,2.6101572156825333e-10,0.01327494213289856,0.012718514050689939,3.5329205696360945e-10,2.1197523417816563e-10,1.9627336497978302e-10,0.09989219197163404,0.06063526198791047,0.06062795292218019,2.6101572156825333e-09,1.9662286958026913e-07,apical,False
4.216965034285823e-09,4.216965034285823e-10,0.02144697126681031,0.02054512561972154,5.706979338811541e-10,3.4241876032869237e-10,3.1705440771175223e-10,0.09982584998323514,0.06060967366256619,0.06059786680580122,4.216965034285823e-09,1.9662286958026913e-07,apical,True
6.812920690579622e-09,6.812920690579622e-10,0.034649685995953396,0.0331858298439577,9.218286067766031e-10,5.530971640659618e-10,5.121270037647794e-10,0.09971870150919108,0.060566579011297514,0.060547507804489815,6.812920690579622e-09,1.9662286958026913e-07,apical,True
1.1006941712522103e-08,1.1006941712522104e-09,0.055979966806601,0.053597138030872044,1.4888093897464461e-09,8.932856338478675e-10,8.271163276369144e-10,0.09954568578651242,0.06049684879071995,0.060466047629252846,1.1006941712522103e-08,1.9662286958026913e-07,apical,False
1.7782794100389228e-08,1.7782794100389228e-09,0.09044112792347178,0.08654441208673858,2.40401144685385e-09,1.4424068681123096e-09,1.3355619149188054e-09,0.0992664094104625,0.06038446006295772,0.060334724787728417,1.7782794100389228e-08,1.9662286958026913e-07,apical,True
2.8729848333536684e-08,2.8729848333536685e-09,0.1461165142939186,0.139698042385035,3.880501177362084e-09,2.32830070641725e-09,2.1558339874233797e-09,0.09881585457899424,0.06020246886156357,0.060122187299537055,2.8729848333536684e-08,1.9662286958026913e-07,apical,True
4.641588833612782e-08,4.641588833612783e-09,0.23606556264391737,0.22537242955358935,6.260345265377484e-09,3.75620715922649e-09,3.47796959187638e-09,0.0980896387206561,0.059907974074298896,0.05977845722229034,4.641588833612782e-08,1.9662286958026913e-07,apical,True
7.498942093324559e-08,7.49894209332456e-09,0.3813870741146516,0.36325597520811403,1.0090443755780948e-08,6.054266253468568e-09,5.6058020865449714e-09,0.09692087381981908,0.059431022015994484,0.05922226635551856,7.498942093324559e-08,1.9662286958026913e-07,apical,True
1.21152765862859e-07,1.2115276586285901e-08,0.6161682317091793,0.5845964031627391,1.6238788976742755e-08,9.743273386045651e-09,9.021549431523752e-09,0.09504468966052337,0.05865751368915008,0.05832155828419312,1.21152765862859e-07,1.9662286958026913e-07,apical,True
1.9573417814876615e-07,1.9573417814876615e-08,0.995480223468409,0.9383208382657503,2.6064467729604178e-08,1.5638680637762505e-08,1.44802598497801e-08,0.09204635723588868,0.057400850178285334,0.056861616690886,1.9573417814876615e-07,1.9662286958026913e-07,apical,True
3.162277660168379e-07,3.162277660168379e-08,1.6082959560700614,1.4990032182816961,4.163897828560269e-08,2.4983386971361605e-08,2.313276571422371e-08,0.08729375324479069,0.055355522962498585,0.054494076962318866,3.162277660168379e-07,1.9662286958026913e-07,apical,True
5.108969774506934e-07,5.108969774506935e-08,2.5983598883553336,2.3736018996877255,6.593338610243684e-08,3.9560031661462095e-08,3.662965894579824e-08,0.07988024905246086,0.05202735231330896,0.050663292625121224,5.108969774506934e-07,1.9662286958026913e-07,apical,True
8.25404185268019e-07,8.25404185268019e-08,4.197905294689318,3.6913583615505665,1.0253773226529353e-07,6.152263935917612e-08,5.6965406814051964e-08,0.06871033390443934,0.04666905425580297,0.04454770731201948,8.25404185268019e-07,1.9662286958026913e-07,membrane,True
1.333521432163324e-06,1.333521432163324e-07,6.782127811530736,5.516369245909701,1.532324790530473e-07,9.193948743182835e-08,8.512915502947071e-08,0.05324069492624305,0.03847660478857477,0.03530646201336171,1.333521432163324e-06,1.9662286958026913e-07,membrane,True
2.1544346900318865e-06,2.1544346900318867e-07,10.957192795685256,7.566365261366359,2.1017681281573224e-07,1.2610608768943932e-07,1.1676489600874013e-07,0.035863977597198136,0.028013937096854465,0.023665704210542725,2.1544346900318865e-06,1.9662286958026913e-07,membrane,True
3.480700588428413e-06,3.480700588428413e-07,17.702419844948174,9.142432206013448,2.5395645016704026e-07,1.5237387010022413e-07,1.410869167594668e-07,0.022504502947447554,0.018886662204995474,0.01363269639636891,3.480700588428413e-06,1.9662286958026913e-07,membrane,True
5.623413251903491e-06,5.623413251903491e-07,28.599995839282542,10.018607881493805,2.7829466337482803e-07,1.6697679802489677e-07,1.5460814631934887e-07,0.015077631416301057,0.013341276061073182,0.0075837902987179176,5.623413251903491e-06,1.9662286958026913e-07,membrane,True
9.08517575651688e-06,9.08517575651688e-07,46.20609889333324,10.46974372701753,2.908262146393759e-07,1.744957287836255e-07,1.615701192440977e-07,0.011253594683005803,0.010342888329555077,0.004326144171402646,9.08517575651688e-06,1.9662286958026913e-07,membrane,True
1.4677992676220705e-05,1.4677992676220707e-06,74.6504855083939,10.711592593521814,2.975442387089394e-07,1.7852654322536358e-07,1.6530235483829963e-07,0.009203571483589903,0.008693967628389443,0.0025382379522881746,1.4677992676220705e-05,1.9662286958026913e-07,membrane,True
2.3713737056616554e-05,2.3713737056616556e-06,120.60518243497448,10.847706319734126,3.013251755481702e-07,1.807951053289021e-07,1.67402875304539e-07,0.008049808389611323,0.007753053864257858,0.0015191024581519877,2.3713737056616554e-05,1.9662286958026913e-07,membrane,True
3.831186849557293e-05,3.831186849557293e-06,194.84950340393914,10.927038737504905,3.0352885381958076e-07,1.821173122917484e-07,1.6862714101087818e-07,0.007377350009938182,0.00720035789046194,0.0009208157923945613,3.831186849557293e-05,1.9662286958026913e-07,membrane,True
6.18965818891261e-05,6.18965818891261e-06,314.7984871813576,10.974335792634964,3.048426609065269e-07,1.829055965439161e-07,1.6935703383695936e-07,0.006976438226964801,0.006869342540278812,0.0005626198074632072,6.18965818891261e-05,1.9662286958026913e-07,membrane,True
0.0001,1e-05,508.58783728195004,11.0029377857186,3.056371607144056e-07,1.8338229642864333e-07,1.6979842261911421e-07,0.006733994463558821,0.006668622452100217,0.0003454627482102041,0.0001,1.9662286958026913e-07,membrane,True
